<?xml version="1.0" encoding="UTF-8"?>
<GenRun Id="impl_1" LaunchPart="xc7a35tcpg236-1" LaunchTime="1608049468">
  <File Type="PWROPT-DCP" Name="display_pwropt.dcp"/>
  <File Type="RUN-CONSTRS" Name="$PDATADIR/runs/impl_1/constrs_in.xml"/>
  <File Type="PLACE-DCP" Name="display_placed.dcp"/>
  <File Type="RUN-SRCS" Name="$PDATADIR/runs/impl_1/sources.xml"/>
  <File Type="PWROPT-DRC" Name="display_drc_pwropted.rpt"/>
  <File Type="ROUTE-TIMINGSUMMARY" Name="display_timing_summary_routed.rpt"/>
  <File Type="PA-TCL" Name="display.tcl"/>
  <File Type="RUN-STRAT" Name="$PDATADIR/runs/impl_1/impl_1.psg"/>
  <File Type="OPT-DCP" Name="display_opt.dcp"/>
  <File Type="OPT-DRC" Name="display_drc_opted.rpt"/>
  <File Type="PLACE-IO" Name="display_io_placed.rpt"/>
  <File Type="PLACE-CLK" Name="display_clock_utilization_placed.rpt"/>
  <File Type="PLACE-UTIL" Name="display_utilization_placed.rpt"/>
  <File Type="PLACE-UTIL-PB" Name="display_utilization_placed.pb"/>
  <File Type="PLACE-CTRL" Name="display_control_sets_placed.rpt"/>
  <File Type="PLACE-SIMILARITY" Name="display_incremental_reuse_placed.rpt"/>
  <File Type="PLACE-PRE-SIMILARITY" Name="display_incremental_reuse_pre_placed.rpt"/>
  <File Type="POSTPLACE-PWROPT-DCP" Name="display_postplace_pwropt.dcp"/>
  <File Type="PHYSOPT-DCP" Name="display_physopt.dcp"/>
  <File Type="PHYSOPT-DRC" Name="display_drc_physopted.rpt"/>
  <File Type="ROUTE-DCP" Name="display_routed.dcp"/>
  <File Type="ROUTE-DRC" Name="display_drc_routed.rpt"/>
  <File Type="ROUTE-DRC-PB" Name="display_drc_routed.pb"/>
  <File Type="ROUTE-PWR" Name="display_power_routed.rpt"/>
  <File Type="ROUTE-PWR-SUM" Name="display_power_summary_routed.pb"/>
  <File Type="ROUTE-STATUS" Name="display_route_status.rpt"/>
  <File Type="ROUTE-STATUS-PB" Name="display_route_status.pb"/>
  <File Type="ROUTE-TIMING-PB" Name="display_timing_summary_routed.pb"/>
  <File Type="ROUTE-TIMING-RPX" Name="display_timing_summary_routed.rpx"/>
  <File Type="ROUTE-SIMILARITY" Name="display_incremental_reuse_routed.rpt"/>
  <File Type="POSTROUTE-PHYSOPT-DCP" Name="display_postroute_physopt.dcp"/>
  <File Type="RDI-RDI" Name="display.vdi"/>
  <File Type="POSTROUTE-PHYSOPT-TIMING" Name="display_timing_summary_postroute_physopted.rpt"/>
  <File Type="POSTROUTE-PHYSOPT-TIMING-PB" Name="display_timing_summary_postroute_physopted.pb"/>
  <File Type="POSTROUTE-PHYSOPT-TIMING-RPX" Name="display_timing_summary_postroute_physopted.rpx"/>
  <File Type="BG-BIT" Name="display.bit"/>
  <File Type="BG-BIN" Name="display.bin"/>
  <File Type="BITSTR-MSK" Name="display.msk"/>
  <File Type="BITSTR-RBT" Name="display.rbt"/>
  <File Type="BITSTR-NKY" Name="display.nky"/>
  <File Type="BITSTR-BMM" Name="display_bd.bmm"/>
  <File Type="BITSTR-MMI" Name="display.mmi"/>
  <File Type="BITSTR-SYSDEF" Name="display.sysdef"/>
  <File Type="BG-BGN" Name="display.bgn"/>
  <File Type="BG-DRC" Name="display.drc"/>
  <File Type="WBT-USG" Name="usage_statistics_webtalk.html"/>
  <FileSet Name="sources" Type="DesignSrcs" RelSrcDir="$PSRCDIR/sources_1">
    <Filter Type="Srcs"/>
    <File Path="$PPRDIR/compteur_n.vhd">
      <FileInfo>
        <Attr Name="UsedIn" Val="synthesis"/>
        <Attr Name="UsedIn" Val="simulation"/>
      </FileInfo>
    </File>
    <File Path="$PPRDIR/hex2led.vhd">
      <FileInfo>
        <Attr Name="UsedIn" Val="synthesis"/>
        <Attr Name="UsedIn" Val="simulation"/>
      </FileInfo>
    </File>
    <File Path="$PPRDIR/led_control.vhd">
      <FileInfo>
        <Attr Name="UsedIn" Val="synthesis"/>
        <Attr Name="UsedIn" Val="simulation"/>
      </FileInfo>
    </File>
    <File Path="$PPRDIR/chronometer.vhd">
      <FileInfo>
        <Attr Name="UsedIn" Val="synthesis"/>
        <Attr Name="UsedIn" Val="simulation"/>
      </FileInfo>
    </File>
    <File Path="$PPRDIR/display.vhd">
      <FileInfo>
        <Attr Name="UsedIn" Val="synthesis"/>
        <Attr Name="UsedIn" Val="simulation"/>
      </FileInfo>
    </File>
    <Config>
      <Option Name="DesignMode" Val="RTL"/>
      <Option Name="TopModule" Val="display"/>
      <Option Name="TopAutoSet" Val="TRUE"/>
    </Config>
  </FileSet>
  <FileSet Name="constrs_in" Type="Constrs" RelSrcDir="$PSRCDIR/constrs_1">
    <Filter Type="Constrs"/>
    <File Path="$PPRDIR/Basys3_Master.xdc">
      <FileInfo>
        <Attr Name="UsedIn" Val="synthesis"/>
        <Attr Name="UsedIn" Val="implementation"/>
      </FileInfo>
    </File>
    <Config>
      <Option Name="ConstrsType" Val="XDC"/>
    </Config>
  </FileSet>
  <Strategy Version="1" Minor="2">
    <StratHandle Name="Vivado Implementation Defaults" Flow="Vivado Implementation 2014"/>
    <Step Id="init_design"/>
    <Step Id="opt_design"/>
    <Step Id="power_opt_design"/>
    <Step Id="place_design"/>
    <Step Id="post_place_power_opt_design"/>
    <Step Id="phys_opt_design"/>
    <Step Id="route_design"/>
    <Step Id="post_route_phys_opt_design"/>
    <Step Id="write_bitstream"/>
  </Strategy>
</GenRun>
